"name","weightingms","discountsellingprice","price_per_gram"
"Nupur Heena Mehandi",500,1.99,0.00
"24 Mantra Mustard Oil (Cold Pressed) ",1000,3.12,0.00
"The Whole Truth Peanut Butter - Unsweetened & Crunchy",325,1.48,0.00
"Popular Essentials Masoor Dal Split (Un-Polished)",500,0.63,0.00
"Raw Banana",500,0.17,0.00
"MTR Dal Makhani",300,1.10,0.00
"Godrej Real Good Chicken Whole Pre-Cut",1000,2.70,0.00
"Amul Spray Infant Milk Food",500,1.93,0.00
"Baby Corn Peeled",250,0.29,0.00
"Kitchens of India Dal Bukhara Gravy Mix",285,0.77,0.00
"Popular Essentials Pancharatna Dal",500,0.72,0.00
"24 Mantra Organic Pancharatna Dal - Split",500,1.20,0.00
"24 Mantra Organic Red Poha",500,0.69,0.00
"Popular Essentials Plain Puffed Rice (Murmura/Muri)",100,0.18,0.00
"McVitie's Marie biscuits with Goodness of Calcium",250,0.30,0.00
"Sunfeast Yumfills Whoopie Pie",253,1.05,0.00
"Ridge Gourd",500,0.25,0.00
"Kissan Pineapple Jam",500,1.49,0.00
"Go Cheese Spread - Four Pepper (Soft & Creamy)",200,0.94,0.00
"Tata Sampann High Protein Kali Urad",500,0.78,0.00
"Chakaachak Super Scrub Pad (Pack of 3)",174,0.34,0.00
"Oxi Green Floor Cleaner - Floral",1000,1.61,0.00
"The Bake Shop Premium White Sandwich Bread",400,0.30,0.00
"Amulya Dairy Whitener ",1000,3.72,0.00
"Weikfield Falooda Mix - Kesar Pista",200,0.48,0.00
"Weikfield Vanilla Custard Powder",500,1.28,0.00
"Ching's Schezwan Masala Instant Noodles",240,0.60,0.00
"Dhara Nourish Refined Sunflower Oil Pouch",1000,1.99,0.00
"Zorabian Pre Cut Chicken Skinless (Half)",500,1.65,0.00
"Veeba Sweet Onion Sauce",350,1.21,0.00
"Carrot",250,0.11,0.00
"Amul Delicious Fat Spread - Cholesterol Free",100,0.17,0.00
"Ariel Matic Liquid Detergent Front Load",1000,2.25,0.00
"Veet Full Body Waxing Kit",1160,2.18,0.00
"Hamam Soap Bar Neem Tulsi and Aloe Vera",150,0.58,0.00
"Aashirvaad Select Sharbati Atta",5000,2.83,0.00
"Amul Pure Ghee (Pouch)",500,2.49,0.00
"Pril Perfect Lime Dishwash Liquid",750,1.75,0.00
"Veet Full Body Waxing Kit For Dry Skin",1160,2.18,0.00
"Britannia Toastea (Premium Bake Rusk)",400,0.65,0.00
"Stayfree Secure Dry Cover Regular Sanitary Pad With Wings",406,0.29,0.00
"Dhara Filtered Groundnut Oil (Jar)",5000,10.50,0.00
"Godrej Ezee Liquid Detergent",1000,1.75,0.00
"Amul Cheese - Block",500,2.40,0.00
"Hershey's Chocolate Syrup",200,0.95,0.00
"Dabur Regular Hajmola",120,0.42,0.00
"The Bake Shop Methi Khari Simply Delicious",200,0.61,0.00
"24 Mantra Groundnut Oil (Cold Pressed) Pet Bottle",1000,3.69,0.00
"Onion",1000,0.21,0.00
"Gowardhan Classic Block Fresh Paneer",200,0.81,0.00
"Amul Butter - Pasteurised",100,0.49,0.00
"Fortune Biriyani Special Basmati Rice",1000,1.75,0.00
"Fiama Fresh Hand Wash",400,1.40,0.00
"Sunfeast Dark Fantasy Bourbon Bliss",150,0.35,0.00
"Arden Eggs White",348,0.55,0.00
"Sunfeast Dark Fantasy Choco Creme",300,0.58,0.00
"Pillsbury Multi Grain Atta",1000,0.56,0.00
"Sunfeast Dark Fantasy Vanilla Creme",300,0.68,0.00
"Bio Nutrients Pure Diet Tofu Gold ",200,0.57,0.00
"Papaya Cut",200,0.39,0.00
"Popular Essentials Kabuli Chana Regular",500,0.77,0.00
"Britannia Pav",250,0.22,0.00
"The Bake Shop Bread Crumbs",400,0.47,0.00
"Dettol Original Liquid Handwash",200,0.85,0.00
"Pedigree Dog Food Adult Meat & Rice",3000,6.08,0.00
"24 Mantra Organic Roasted Bengal Gram Dal",500,0.97,0.00
"The Bake Shop Whole Wheat Bread",400,0.40,0.00
"Biryani /Pulav Mix",250,0.49,0.00
"MTR Vada Breakfast",500,2.00,0.00
"Popular Essentials Jowa Flour",500,0.49,0.00
"TGFC Chicken Curry Cut Fresh",500,1.86,0.00
"Britannia Pure Magic Choco Lush Cookies",300,0.96,0.00
"Borges Durum Wheat Pasta Superior Quality",500,1.49,0.00
"Kitchens of India Mutter Paneer Mix",285,0.84,0.00
"Coccinia",250,0.27,0.00
"India Gate Basmati Rice",1000,2.10,0.00
"Sunfeast Yippee! Mood Masala Noodles",260,0.43,0.00
"Comfort After Wash Fabric Conditioner Lily Fresh ",860,2.12,0.00
"Ariel Matic Top Load Detergent Washing Powder",2000,4.99,0.00
"Colgate Plax Peppermint Mouthwash",250,1.20,0.00
"Om Bhakti Gangajal Packed At Gangotri",220,0.29,0.00
"Dukes Waffy Chocolate Wafer Rolls ",250,0.75,0.00
"Veeba Favourites Eggless Burger Mayonnaise",250,0.63,0.00
"Ching's Secret Just Soak - Whole Wheat Veg Hakka Noodle",150,0.32,0.00
"Shubh kart - Shubhkart Sambrani Cup Black 12n",696,0.75,0.00
"Britannia Nutri Choice Digestive Biscuit",200,0.45,0.00
"Sunfeast Mom's Magic Cashew & Almond Cookies Packet",200,0.27,0.00
"Radish White",500,0.19,0.00
"Britannia Treat Jimjam Family Pack (Buy 4 Get 1 Free)",500,1.00,0.00
"Kellogg's Corn Flakes",1000,3.83,0.00
"Parle Monaco Sixer Salted Biscuits ",200,0.54,0.00
"Shubh kart - Tejas Twisted Cotton Wicks 1000n",1000,0.28,0.00
"Everest Turmeric Powder",200,0.60,0.00
"Johnson's Baby Skincare Wipes",1160,0.74,0.00
"Ching's Secret Just Soak - Whole Wheat Veg Hakka Noodles",600,1.23,0.00
"Popular Essentials Urad Gola Black (Un-Polished)",500,0.72,0.00
"Sunfeast Yippee! Power Up Atta Noodles",280,0.81,0.00
"McCain Super Wedges",400,1.11,0.00
"Britannia Goodday Chocochip Cookies",400,0.99,0.00
"Kellogg's Real Honey Corn Flakes",630,2.67,0.00
"Veeba Cheese and Chilli Sandwich Spread",275,0.79,0.00
"Dabur Keora water - Authentic flavour for Biryani's and Desserts",250,0.58,0.00
"Fortune Sunlite Refined Sunflower (Jar)",5000,9.25,0.00
"Ginger",200,0.12,0.00
"Eastern Fish Masala",100,0.47,0.00
"Dettol Intense Cool Soap (B4G1)",625,2.47,0.00
"Dabur Amla Juice",1000,1.99,0.00
"Britannia Brown Bread ",400,0.42,0.00
"Kellogg's Chocos",700,2.69,0.00
"Praakritik Organic Jowar Atta",500,1.03,0.00
"Zucchini Yellow",250,0.35,0.00
"Fevicol Mr.Original General Purpose White Glue ",105,0.49,0.00
"Kitchens Of India Chicken Chettinad",285,1.40,0.00
"Britannia Burger Bun with Sesame Seed",100,0.15,0.00
"Popular Essentials Black Urad Split",500,0.72,0.00
"Patanjali Kesh Kanti Shikakai Hair Cleanser",200,0.95,0.00
"Patanjali Atta Doodh Rusk",300,0.40,0.00
"Durex Extra Time Condoms",580,2.05,0.00
"McCain French Fries",420,1.14,0.00
"Popular Essentials Kashmiri Red Rajma",500,0.89,0.00
"Kitchens Of India Chicken Darbari ",285,1.40,0.00
"Satyam Singdana ",500,1.11,0.00
"Oxi Green Phenyl - Pine ",1000,0.74,0.00
"Popular Essentials Chia Seeds",100,0.49,0.00
"Durex Extra Ribbed Condoms",580,2.20,0.00
"Britannia Good Day Cashew Cookies Packet",200,0.38,0.00
"Saffola 100% Pure Honey",1000,4.37,0.00
"Tata Salt Lite",1000,0.36,0.00
"The Bake Shop Jeera Khari",200,0.65,0.00
"Beans Broad",250,0.35,0.00
"Prasuma Vegetable Momos",580,1.50,0.00
"24 Mantra Organic Masoor Dal - Split",500,0.88,0.00
"Dabur Hommade - Ginger Paste",200,0.47,0.00
"Whisper Choice Ultra XL Sanitary Pad",1160,1.30,0.00
"Patanjali Kesh Kanti Reetha Hair Cleanser",200,0.85,0.00
"Godrej Real Good Chicken Curry Cut",500,1.58,0.00
"Lifebuoy Germ Protection Care Soap Bar",100,0.29,0.00
"Amul Lite Spread",100,0.39,0.00
"Dukes Nibbles - Ranch Crackers",150,0.50,0.00
"Britannia Good Day Chunky Cookies",120,0.43,0.00
"Saffola Gold (Jar)",5000,12.40,0.00
"Nimyle Lemongrass Floor Cleaner",975,1.56,0.00
"Funfoods Peanut Butter Crunchy",400,1.56,0.00
"Zorabian Chicken Legs Skinless",450,2.10,0.00
"Dabur Hommade - Rajasthan Ki Garlic Chutne",200,0.61,0.00
"RRO Primio Refined Groundnut Oil Pet Bottle",1000,2.39,0.00
"Mortein Cockroach Killer Spray, Crawling insect killer with Deep-Reach Nozzle",425,1.79,0.00
"Stayfree Secure XL Size Sanitary Napkins",1160,1.15,0.00
"Safal Frozen Corn",200,0.39,0.00
"Lizol Disinfectant Surface & Floor Cleaner Liquid Pine",975,1.88,0.00
"Kelloggs Corn Flakes With Real Strawberry Pure",575,2.36,0.00
"Tata Sampann Moong Dal Split",1000,1.78,0.00
"Tata Sampann High Protien Chana Dal - Split",500,0.64,0.00
"Scotch Brite Silver Sparks Scrub Pad",348,0.81,0.00
"Fresh Chicken Curry Cut - Skinless (Halal)",500,1.40,0.00
"24 Mantra Super Grain Quinoa",500,1.90,0.00
"Coriander Leaves",100,0.17,0.00
"RRO Primio Refined Groundnut (Jar)",2000,4.36,0.00
"Dabur Chyawanprash",950,3.38,0.00
"Oxi Green Max Force Green Concentrate",500,0.96,0.00
"The Bake Shop Multi Grain Bread",400,0.65,0.00
"Palmolive Black Orchid And Milk Liquid Hand Wash",250,0.89,0.00
"Orion Choco Pie - Chocolate Coated Soft Biscuit",336,1.12,0.00
"Amul Fresh Cream",1000,1.91,0.00
"Ching's Secret Sauce, Green Chilli",190,0.55,0.00
"Popular Essentials White Til",100,0.38,0.00
"Gits Gulab Jamun Instant Dessert Mix",200,0.89,0.00
"Ching's Secret Instant Noodles, Hot Garlic",240,0.60,0.00
"The Bake Shop Maska Khari",200,0.61,0.00
"Mother's Recipe Mixed Pickle ",400,1.10,0.00
"Zorabian Chicken Breast Boneless ",450,1.45,0.00
"Fiama Menthol & Magnolia Cooling Gel Bar Soap",375,1.41,0.00
"Fortune Rice Bran Health Oil (Jar)",5000,10.39,0.00
"Durex Extra Thin Condoms",580,2.05,0.00
"Hersheys Chocolate Almond Syrup",450,2.00,0.00
"Del Monte Red Chili Sauce",190,0.55,0.00
"Surf Excel Matic Front Load Detergent Liquid",1000,2.21,0.00
"Pillsbury Atta With Multigrains Wheat Grains",5000,2.45,0.00
"Parle Hide & Seek Choco Rolls",120,0.49,0.00
"Daawat Super Basmati Rice",1000,1.69,0.00
"D'lecta Dairy Cream",200,0.51,0.00
"Maggi Hot & Sweet - Tomato Chilli Sauce",1000,1.53,0.00
"Lijjat Garlic Papad",200,0.57,0.00
"Tata Sampann Kala Chana",1000,1.25,0.00
"Popular Essentials Toor Dal (Un-Polished)",1000,1.49,0.00
"Fiama Gel Bar Celebration Pack Buy 4 Get 1 Free",625,2.61,0.00
"Mother's Recipe Bhel Puri Chutney",200,0.50,0.00
"Colin Glass and Surface Cleaner Liquid Spray Regular",250,0.58,0.00
"Dettol SKincare Handwash Value Refill",750,1.05,0.00
"Popular Essentials Black Til",100,0.47,0.00
"Tata Sampann Unpolished Chana Dal",1000,0.89,0.00
"Britannia Good Day Pista Badam",100,0.20,0.00
"MTR Uttapam Mix",500,1.56,0.00
"Patanjali Pure Honey",250,0.95,0.00
"Amul Cheese Spread Creamy",180,0.80,0.00
"Nestle A+ Nourish Dahi",200,0.34,0.00
"Amul Cheese Spread Yummy Plain",200,0.85,0.00
"Closeup Everfresh+ Anti-Germ Gel Toothpaste Red Hot",300,1.44,0.00
"Amla",250,0.27,0.00
"Eastern Super Garam Masala",200,0.69,0.00
"iD Curd Pouch",400,0.34,0.00
"Mother Dairy Classic Curd",400,0.29,0.00
"Fortune Sunlite Refined Sunflower (Pouch)",1000,2.19,0.00
"RRO Til Dil Premium Til Oil Bottle",1000,2.94,0.00
"Popular Essentials Urad Gola White(Un-Polished)",500,0.81,0.00
"24 Mantra Organic Whole Wheat Atta",1000,0.59,0.00
"Top Ramen Masala",560,0.82,0.00
"Fortune Rice Bran (Pouch)",1000,1.99,0.00
"Origami So Soft Tissue Roll 3 Ply",696,3.47,0.00
"Colgate Gentle Sensitive+ Toothbrush Pack Of 4",232,1.08,0.00
"MTR Upma",160,0.45,0.00
"Dhara Filtered Groundnut Oil (Jar)",5000,10.35,0.00
"Ching's Secret Just Soak - Veg Hakka Noodles",600,1.15,0.00
"24 Mantra Organic Wheat Daliya ",500,0.47,0.00
"Oleev Smart Oil Fortified with VIT A, D, E & K (Pouch)",1000,1.94,0.00
"Popular Essentials Bansi Sooji",500,0.34,0.00
"Pril Power Of Active Boosters",400,1.02,0.00
"Lotte Choco Pie Cocoa Pie",168,0.81,0.00
"Amul Mithai Mate Condensed Sweetened Milk",200,0.54,0.00
"Ching's Secret Just Soak - Veg Hakka Noodles",150,0.30,0.00
"Ching's Secret Green Chilli Sauce",425,1.05,0.00
"Praakritik Organic Jumbo Rolled Oats",500,1.69,0.00
"Dabur Chyawanprakash - Sugar Free",900,3.85,0.00
"Sweet Corn",116,0.30,0.00
"Dr Oetker Cucumber & Carrot Sandwich Spread Veg",250,0.79,0.00
"Popular Essentials Idli Rice",1000,0.54,0.00
"Beans French",250,0.28,0.00
"Amul Slim Trim Skimmed Milk",1000,0.75,0.00
"Zama Organics Carrot",250,0.17,0.00
"Britannia Atta Kulcha",250,0.30,0.00
"Tata Sampann Urad Dal Split",500,0.90,0.00
"Weikfield Baking Powder",100,0.32,0.00
"Aashirvaad Atta With Mutigrains",5000,2.87,0.00
"Surf Excel Easy Wash Detergent Liquid",1000,1.69,0.00
"Chakaachak Power Scrub (Pack of 2)",116,0.41,0.00
"Dabur Hommade Tamarind Paste",200,0.45,0.00
"Kissan Mixed Fruit Jam ",500,1.55,0.00
"Popular Essentials Buckwheat Flour (Kuttu Atta)",500,1.13,0.00
"Colgate Max Fresh Plax Mouthwash - Fresh Mint",250,1.20,0.00
"Ching's Singapore Curry Instant Noodles",240,0.60,0.00
"Popular Essentials Dhania (Coriander Seeds)",200,0.46,0.00
"Dhara Groundnut Oil (Pouch)",1000,2.03,0.00
"Amul Milk Compound Chocolate Slab",500,1.07,0.00
"Godrej Real Good Chicken Drumstick ",500,2.39,0.00
"Pineapple Slice",200,0.75,0.00
"Popular Essentials Misri Dana (Diamond Sugar) ",100,0.15,0.00
"Weikfield Vanilla Flavoured Custard Powder",100,0.37,0.00
"Mother's Recipe Pickle - Mango",400,1.13,0.00
"Praakritik Organic Masoor Dal",500,1.16,0.00
"Popular Essentials Soya Beans ",500,0.75,0.00
"Popular Essentials Mustard Seeds Rai Small",100,0.20,0.00
"Maggi Rich Tomato Ketchup",500,1.00,0.00
"Amul Mithai Mate EOE Tin",400,1.09,0.00
"Fortune Rozana Basmati Rice",5000,4.62,0.00
"Popular Essentials Refined Sugar",5000,2.65,0.00
"Bambino Popular Vermicelli ",400,0.39,0.00
"Britannia Good Day Butter Cookies",600,0.72,0.00
"Durex Extra Thin Bubblegum Condom",580,1.35,0.00
"Chakaachak Sponge Scrubber (Pack of 2)",116,0.44,0.00
"Britannnia 50-50 Sweet & Salty Biscuit",200,0.25,0.00
"Satyam Poha Jada",500,0.32,0.00
"Vim Dishwash Bar",600,0.45,0.00
"Popular Essentials Premium Jeera Rice",1000,1.40,0.00
"Gits Veg Biryani Ready to Eat",265,0.99,0.00
"Britannia Marie Gold Biscuit",200,0.28,0.00
"Parle Monaco Classic Salty Biscuits",400,0.70,0.00
"Surf Excel Matic Top Load",4000,6.49,0.00
"MTR Ready To Eat Palak Paneer ",300,1.20,0.00
"Pril Bar Tub",500,0.55,0.00
"Top Ramen Noodles, Atta",280,0.80,0.00
"Whisper Choice Regular Sanitary Pads",1160,0.90,0.00
"Chings Secret Manchurian Instant Noodle",240,0.60,0.00
"Popular Essentials Samba Broken Wheat",500,0.89,0.00
"McCain Smiles Cripsy Happy Potatoes",415,1.14,0.00
"Surf Excel Matic Powder Front Load ",4000,7.50,0.00
"Santoor Total Skin Care Soap With Sandal & Turmeric",600,1.80,0.00
"Mother's Recipe Gujrati Gorkeri Pickle",500,1.26,0.00
"Kitchens Of India Yellow Dal Tadka",285,0.77,0.00
"Chilli Green ",100,0.16,0.00
"Scotch Brite Scrub Pad",290,0.68,0.00
"Popular Essentials White Peas (Un-Polished)",500,0.72,0.00
"Yummiez American Sweet Corn",400,0.85,0.00
"Colgate Zig Zag Toothbrush",348,1.20,0.00
"Colgate Zigzag Charcoal Soft Bristle Toothbrush - 4 Pcs",232,0.99,0.00
"Whisper Ultra Clean XL Plus Sanitary Pad",870,1.55,0.00
"Kelloggs Corn Flakes",250,0.86,0.00
"Unibic Oatmeal Digestive Cookies ",150,0.47,0.00
"Ariel Complete Detergent Washing Powder 500 g  + 200 g Free",500,1.35,0.00
"Dettol Original Liquid Handwash Refill",750,1.05,0.00
"Praakritik Organic Chilka Moong Dal",500,1.08,0.00
"Sunfeast Farmlite Oats & Almonds Biscuits Packet",150,0.54,0.00
"Popular Essentials Double Beans White",250,0.54,0.00
"Lizol Disinfectant Surface & Floor Cleaner Liquid Citrus",975,1.88,0.00
"Bitter Gourd",250,0.15,0.00
"MTR Instant Gulab Jamun Mix",500,1.76,0.00
"Satyam Pulses Masur Dal",500,0.81,0.00
"Orange",116,0.45,0.00
"Cadbury Oreo Dipped Biscuit",150,0.63,0.00
"Tide Plus Extra Power Lemon & Mint Detergent Powder",2000,2.11,0.00
"Kelloggs Chocos",385,1.60,0.00
"Veeba Hot Sweet Tomato Chilli Sauce",500,0.83,0.00
"The Bake Shop Foot Long",200,0.40,0.00
"Chilli Bhaji",250,0.25,0.00
"Parle Rusk Elaichi",300,0.47,0.00
"Britannia Healthy Slice Sandwich Bread",450,0.40,0.00
"Amul Cheese Spread Spicy Garlic",200,0.82,0.00
"Surf Excel Detergent Bar Value Pack",800,1.14,0.00
"McVitie's Oat Cookies",120,0.45,0.00
"Zucchini Green",250,0.29,0.00
"Ching's Secret Manchurian Noodles",360,0.91,0.00
"Popular Essentials Guntur Chilli Stemless",100,0.39,0.00
"Mother's Recipe Mango Pickle ",400,1.20,0.00
"Popular Essentials Refined Sugar",1000,0.60,0.00
"Godrej Real Good Chicken Liver Sealed ",200,0.68,0.00
"TilSona Til Oil",500,1.62,0.00
"Kellogg's Special K Original Corn Flakes",900,3.55,0.00
"The Bake Shop Pizza Base Whole Wheat",150,0.30,0.00
"Dabur Honey ",500,2.04,0.00
"Tata Sampann Unpolished Moong Dal ",500,0.88,0.00
"Sunfeast Dark Fantasy Bourbon Bliss",150,0.29,0.00
"Ching's Secret Hot Garlic Instant Noodles",480,1.14,0.00
"MTR Ready To Eat Paneer Butter Masala",300,1.22,0.00
"Whisper Choice Sanitary Pad ",406,0.29,0.00
"Britannia Nutri Choice Cracker Sugar Free Biscuit",300,0.35,0.00
"Origami Disposable Spoons",1160,0.72,0.00
"Ariel Matic Liquid Detergent Front Load",1000,2.50,0.00
"Dukes Sour & Cream Onion Nibbles Baked",150,0.41,0.00
"Veeba English Mustard",300,0.69,0.00
"Gits Pav Bhaji Ready to Eat",300,0.85,0.00
"Stayfree Advanced XL Ultra Comfort Sanitary napkins with Wings",812,1.75,0.00
"Stayfree Dry-Max All Night Ultra-Dry Sanitary Pad",406,0.81,0.00
"Oxi Green Floor Cleaner - Citrus ",1000,1.61,0.00
"Spring Onion ",250,0.15,0.00
"Britannia Toastea Premium Bake Rusk",300,0.47,0.00
"Super Saver Kolam Rice Sortex Clean ",5000,6.30,0.00
"Aashirvaad Superior MP Whole Wheat Atta",1000,0.52,0.00
"Dabur Chyawanprakash Sugar Free",500,2.23,0.00
"Lizol Disinfectant Surface & Floor Cleaner Liquid Jasmine",500,0.97,0.00
"Fresh Chicken Boneless Cubes (Halal)",500,2.04,0.00
"Lotte Choco Pie ",696,1.20,0.00
"Banana Elaichi ",348,0.49,0.00
"Eastern Cumin Powder",100,0.48,0.00
"Guava",232,0.45,0.00
"Orange Nagpur",232,0.69,0.00
"Dettol Liquid Handwash With Free Liquid",200,0.99,0.00
"Dettol Effective Protection Antiseptic Liquid",250,1.16,0.00
"Pillsbury Atta/Godihittu - Chakki Fresh",2000,0.94,0.00
"Pillsbury Chakki Fresh Atta",10000,3.75,0.00
"Sponge Gourd",300,0.21,0.00
"Revive Revive Liquid",200,0.71,0.00
"Spinach",250,0.16,0.00
"Kitchens Of India Mughlai Paneer",285,1.12,0.00
"Safal Frozen - Sweet Corn",1000,1.52,0.00
"24 Mantra Organic Besan",500,0.88,0.00
"McVitie's Butter Cookies",200,0.27,0.00
"Veeba Chipolte Southwest Dressing",300,1.49,0.00
"Popular Essentials Black Brown Chana (Un-Polished)",500,0.50,0.00
"RRO Til Dil Premium Til Oil Bottle",500,1.62,0.00
"Hit Flower Lime Fragrance Insect Killer Spray",400,1.76,0.00
"24 Mantra Organic Brown Sona Masoori Rice",1000,0.95,0.00
"Amul Lactose Free Milk",250,0.24,0.00
"Mother's Recipe Mixed Pickle",300,0.77,0.00
"Arden Desi Eggs",348,0.95,0.00
"Hershey's Caramel Syrup",623,2.30,0.00
"McCain Aloo Tikki",400,1.05,0.00
"Smith & Jones Masala Noodles",360,0.61,0.00
"Pomegranate Peeled",100,0.49,0.00
"McCain Masala - Fries",375,1.14,0.00
"McCain Veggie Burger Patty",360,1.11,0.00
"Safal Frozen Mixed Vegetables",500,0.57,0.00
"Surf Excel Easy Wash Detergent Powder",1000,1.31,0.00
"Suguna Vitamin D Egg",348,0.62,0.00
"Colocasia ",500,0.24,0.00
"McCain Potato Cheese Shotz",250,1.24,0.00
"Eveready AA pack of 10 ",580,1.43,0.00
"Cadbury Oreo Chocolatey Sandwich Biscuits Family Pack",300,0.80,0.00
"Parle Fab!o Vanilla Creme Sandwich Biscuit",120,0.29,0.00
"Pillsbury Vanilla Custard Powder",100,0.36,0.00
"Ladies Finger ",250,0.12,0.00
"Dettol Skincare Liquid Hand Wash",200,0.79,0.00
"Dabur Chyawanprash Immunity Booster",500,1.77,0.00
"Tata Sampann kabuli chana",1000,1.83,0.00
"Baby Potato",500,0.16,0.00
"Savlon Moisture Shield Germ Protection Handwash Refill (Buy 1 Get 1 Free)",1500,1.89,0.00
"Dabur - Chyawanprash",250,0.99,0.00
"Banana Robusta",348,0.24,0.00
"Garlic Indian ",100,0.09,0.00
"Fresh Chicken Mince - Kheema (Halal)",500,2.04,0.00
"Veeba Thousand Island Dressing",300,1.37,0.00
"24 Mantra Organic Tur Dal - Split",500,1.20,0.00
"Stayfree Secure Cottony Soft Cover Sanitary Pad (Regular) with Wings",406,0.29,0.00
"Sweet Potato ",500,0.32,0.00
"TGFC Rohu Bengali Cut",500,1.79,0.00
"24 Mantra Organic Ragi Flour",500,0.52,0.00
"Domex Disinfectant Floor Cleaner",1000,1.70,0.00
"Quaker Oats",400,0.79,0.00
"Britannia Sandwich White Bread",350,0.33,0.00
"Gits Rice Dosa Instant Breakfast Mix",200,0.57,0.00
"Oleev Active Oil (Pouch)",1000,2.39,0.00
"Harpic Germ & Stain Blaster Disinfectant Toilet Cleaner Floral",750,1.37,0.00
"Veeba Barbeque Sauce",330,1.37,0.00
"Popular Essentials Chana Dal (Un-Polished)",500,0.54,0.00
"Vim Dishwash Bar",300,0.22,0.00
"Parachute Oil ",100,0.37,0.00
"Tata Tea Gold",100,0.35,0.00
"Aashirvaad Atta",10000,3.99,0.00
"Rin Detergent Powder",1000,0.84,0.00
"Popular Essentials Red Poha",500,0.43,0.00
"Godrej Real Good Marinated Hot & Grill Chicken",450,2.21,0.00
"TGFC Basa Fillets",500,2.47,0.00
"Colgate Herbal Toothpaste",200,0.93,0.00
"MTR Vermicelli Payasam",180,0.75,0.00
"Godrej Protekt",750,0.99,0.00
"Himalaya Baby Powder",400,1.88,0.00
"Britannia Milk Bikis Milky Sandwich",120,0.25,0.00
"Robin Dazzling Liquid Blue After Wash",200,0.70,0.00
"Durex Extra Dots Condoms",580,2.05,0.00
"Del Monte Natural Vinegar ",180,0.53,0.00
"Dhara Health Refined Sun Flower Oil Jar",5000,9.84,0.00
"Amul Butter - Pasteurised",500,2.40,0.00
"Pantai Coconut Milk",400,1.50,0.00
"Britannia Good Day Cashew Cookies",1000,1.72,0.00
"Parle Fab! Jam-In Cream Filled ",150,0.34,0.00
"Popular Essentials Classic Sona Masuri Rice",5000,3.87,0.00
"Popular Essentials Nylon Til",100,0.39,0.00
"Suguna Nourish Egg ",348,0.60,0.00
"Savlon Moisture Shield Hand Wash",200,0.69,0.00
"Brinjal Small",250,0.15,0.00
"Suguna Heart- Omega3",348,0.62,0.00
"Lijjat Udad Mini Papad",200,0.56,0.00
"Amul Cheese - Pepper",200,0.82,0.00
"Popular Essentials Cooking Soda",200,0.27,0.00
"Dettol Original Germ Protection Bathing Soap Bar",375,1.57,0.00
"Britannia Good Day Cashew Cookies Packet",600,1.06,0.00
"Britannia Cheese Garlic Bread",300,0.35,0.00
"24 Mantra Organic Sattu Atta",500,0.95,0.00
"Tata Sampann High Protien Toor Dal - Split",500,0.89,0.00
"So Good Almond Milk - Natural Unsweetened",200,0.70,0.00
"Broccoli",500,0.30,0.00
"Sumeru Aloo Paratha",400,1.13,0.00
"Harpic Disinfectant Bathroom Cleaner Liquid Lemon",1000,1.79,0.00
"Godrej Cinthol Lime Refreshing Deo Soap",400,1.16,0.00
"Methi",250,0.25,0.00
"Dabur Gulabari Rose Water Daily Glow",250,0.75,0.00
"Popular Essentials Regular White Lobia",500,0.63,0.00
"Sunfeast Nice Biscuit",150,0.22,0.00
"Praakritik Organic Basmati Rice",500,1.70,0.00
"Mothers Recipe Tamrind Date Chutney ",200,0.50,0.00
"Dabur Amla Hair Oil",180,0.88,0.00
"Karachi Bakery Cashew Biscuits ",400,1.99,0.00
"Mother's Recipe Pickle - Red Stuffed Chilli",400,1.29,0.00
"Del Monte Green Chili Sauce",190,0.55,0.00
"Mother's Recipe Pickle - Mixed",500,1.09,0.00
"Dlicia Whip Topping Bottle",1000,1.71,0.00
"Shubh kart - Nirmal sugandhi mogra wet dhoop zipper 20 sticks",1160,0.28,0.00
"Oral-B Extra Soft Bristles Sensitive ",232,0.98,0.00
"Kellogg's Original Corn Flakes",475,1.75,0.00
"Popular Essentials Mustard Seeds Rai Big",100,0.20,0.00
"Parle Hide & Seek Cookies With Added Almonds",100,0.29,0.00
"Mother's Recipe Punjabi Teekha Mang Pickle",400,1.08,0.00
"Kapiva Wild Amla Juice",1000,2.12,0.00
"Oral-B Charcoal Deep Clean Stain Removal Toothbrush Medium",232,0.99,0.00
"Rin Fabric Whitener Detergent",500,0.62,0.00
"Suguna Sharp Egg ",348,0.62,0.00
"McCain New Mini Samosa with Cheese Pizza Style Filling",240,1.18,0.00
"Quaker Oats Breakfast Cereals - With Flavour Mix Nutritious Rich Source Of Energy",200,0.45,0.00
"Satyam Puffed Rice Kurmura (R)",200,0.23,0.00
"Parsley",100,0.14,0.00
"Amul Malai Paneer Fresh ",200,0.73,0.00
"Parachute Jasmine Hair Oil",190,0.74,0.00
"Popular Essentials Green Moong Whole",500,0.75,0.00
"Popular Essentials Green Peas (Un-Polished)",500,1.08,0.00
"The Bake Shop Pizza Base",150,0.30,0.00
"Nestle A+ Slim Milk",1000,0.89,0.00
"Praakritik Organic Poha",500,1.12,0.00
"24 Mantra Organic Tur Dal",1000,2.08,0.00
"Saffola Everyday Peppy Tomato Masala Oats",500,1.71,0.00
"Top Ramen Chicken Noodles",280,0.54,0.00
"Funfoods Peanut Butter Creamy",400,1.69,0.00
"Praakritik Organic Kapli Wheat Atta",1000,1.47,0.00
"Praakritik Organic Yellow Moon Dal",500,1.35,0.00
"iD Wheat Lachha Paratha",400,0.70,0.00
"Godrej No.1 Bathing Soap – Lime & Aloe Vera",600,1.49,0.00
"McCain New Mini Samosa with Cheese Corn Style Filling",240,1.18,0.00
"Ariel Matic Front Load Liquid Detergent",1000,2.20,0.00
"Tata Sampann High Protien Kabuli Chana",500,0.94,0.00
"The Bake Shop Whole Wheat Oats Khari",200,0.61,0.00
"Saffola Gold Oil (Pouch)",1000,2.15,0.00
"Ching's Secret Schezwan Instant Noodle",480,1.14,0.00
"Amul Cheese Sauce Mexican Salsa",200,0.72,0.00
"Tata Sampann Masoor Dal Stand",1000,1.34,0.00
"Go Cheese  Spread Plain",200,0.94,0.00
"Britannia Nutri Choice Ragi Cookies",150,0.63,0.00
"ITC Master Chef Cheesy Corn Triangles",320,1.52,0.00
"MTR Paneer Butter Masala & Veg Pulao",375,1.58,0.00
"Pedigree Puppy Dry Dog Food Food Chicken & Milk",3000,6.48,0.00
"Suguna Fit Egg",348,0.68,0.00
"Tata Sampann Poha",500,0.41,0.00
"Praakritik Organic Jaggery",900,1.50,0.00
"Mother's Recipe Tamarind Paste",200,0.49,0.00
"Hershey's Chocolate Flavour Syrup",623,2.05,0.00
"Prabhat Malai Paneer Pouch",200,0.80,0.00
"Gala Scrubber Pad",290,0.68,0.00
"Vim Dishwash Liquid Gel Lemon",750,1.75,0.00
"Puro Healthy Salt Crystal",1000,1.25,0.00
"Tata Sampann Moong Chilka ",500,0.82,0.00
"Mccain Emotibites - Crispy Happy Potato Snack",415,1.29,0.00
"Popular Essentials Green Moong Chilka/Chilka (Un-Polished)",500,0.79,0.00
"Kapiva Wild Tulsi Giloy Juice |",1000,3.40,0.00
"Kelloggs Chocos Moon & Stars",680,2.94,0.00
"Britannia Milk Bikis Cream Biscuit",500,0.70,0.00
"Sunfeast Mom's Magic Rich Butter Cookies",200,0.27,0.00
"Everest Tikhalal Chilli Powder",500,2.12,0.00
"24 Mantra Organic Rajma",500,1.45,0.00
"Colin Glass and Surface Cleaner Liquid Spray Regular",500,0.89,0.00
"Zama Organics Sweet Potato",250,0.31,0.00
"Parachute Advansed Gold Coconut Hair Oil",400,1.94,0.00
"Mr Muscle Dranex Drain Cleaner Kiwi",375,1.49,0.00
"Arden Eggs Brown",348,0.79,0.00
"Lemon",200,0.63,0.00
"Durex Air Ultra Thin Condoms",174,0.82,0.00
"Popular Essentials Dry Dates (Kharak)",250,1.18,0.00
"Parle Monaco Jeffs Zeera Biscuit",200,0.54,0.00
"The Bake Shop Milk & Raisin Toast (Rusk)",200,0.56,0.00
"Praakritik Organic Indrayani Rice",500,0.70,0.00
"Popular Essentials Red Rajma",500,0.81,0.00
"24 Mantra Organic Jaggery Powder",500,0.68,0.00
"Britannia Marie Gold Biscuits Packet",250,0.30,0.00
"Suguna Active - DHA",348,0.62,0.00
"Popular Essentials Tamarind",500,1.28,0.00
"Vanish All in One Powder Detergent Booster",400,1.89,0.00
"Amul Safed Makkhan",500,2.32,0.00
"McCain Chilli Cheesy Nuggets",250,1.24,0.00
"Britannia Toastea Premium Bake Rusk",700,0.94,0.00
"Mangaldeep Rose Puja Agarbatti ",120,0.59,0.00
"Hershey's Syrup Delicious Strawberry",200,0.95,0.00
"Hershey's Chocolate Milk Booster",450,2.00,0.00
"Lettuce Red",100,0.17,0.00
"Pro Nature Organic Sonamasoori Brown Rice",1000,0.94,0.00
"Ching's Secret Manchurian Instant Noodle",480,1.14,0.00
"McCain Chilli Garlic Potato Bites Crunchy Potato Nuggets",420,1.18,0.00
"Eastern Tamarind",200,0.63,0.00
"Weikfield Falooda Mix - Mango",200,0.48,0.00
"Lettuce Green",100,0.19,0.00
"Harpic Disinfectant Toilet Cleaner Liquid, Original - 1 L",1000,1.78,0.00
"Godrej No.1 Bathing Soap, Jasmine",400,0.84,0.00
"Britannia Bourbon Chocolate Cream Biscuits",150,0.34,0.00
"Popular Essentials Sabudana",500,0.54,0.00
"Popular Essentials Sona Masouri Steam Rice",1000,0.59,0.00
"Betty Crocker Complete Pancake Mix Original",250,1.05,0.00
"Daawat Rozana Gold Basmati Rice",1000,0.89,0.00
"Wingreens Cheesy Chipotle Sauce",130,0.50,0.00
"Amul Cheese Slices",750,3.59,0.00
"Sunfeast Mom's Magic Cashew & Almond Biscuits",600,1.02,0.00
"Rin Detergent Bar",140,0.10,0.00
"Veeba Pizza Topping",280,0.70,0.00
"Sunfeast Yippee! Magic Masala Noodles",240,0.45,0.00
"Aashirvaad Multigrain Atta",1000,0.62,0.00
"Popular Essentials Saunf/Fennel Seeds",100,0.44,0.00
"Veeba Truly Tomato Ketchup",500,0.79,0.00
"Santoor Almond Soft With Sandal & Almond Milk",625,1.80,0.00
"Britannia Marie Gold (Buy 4 Get 1 Free)",600,0.80,0.00
"Lizol Disinfectant Surface & Floor Cleaner Liquid Floral",500,0.97,0.00
"Amul Pizza Cheese - Mozzarella",200,0.99,0.00
"Switz Spring Roll Dough Sheets",1160,0.86,0.00
"Smith & Jones Masala Noodles",480,0.89,0.00
"Kitchens Of India Dal Makhani",285,0.77,0.00
"Amul Happy Treats French Fries",425,0.65,0.00
"Daawat Rozana Super Basmati Rice",1000,0.79,0.00
"Arden Eggs White",696,0.97,0.00
"Dhara Kachi Ghani Mustard Oil Jar",5000,11.43,0.00
"Tata Sampann Kala Chana",500,0.64,0.00
"Oral-B Charcoal Deep Clean Stain Removal Toothbrush Soft",232,0.99,0.00
"Britannia Pure Magic - Chocolush",100,0.34,0.00
"The Bake Shop Whole Wheat Toast (Rusk) ",200,0.56,0.00
"Gits Khaman Dhokla Instant Snack Mix",180,0.61,0.00
"Whisper Bindazzz Night Sanitary Pads XL Plus",870,1.85,0.00
"Maggi Hot & Sweet Tomato Chilli Sauce",500,1.15,0.00
"Whiskas Adult (+1 Year) Dry Cat Food, Ocean Fish Flavour",1200,3.87,0.00
"Kellogg's Chocos",250,1.17,0.00
"Britannia Nice Time Biscuit",150,0.25,0.00
"Ariel Matic Front Load Detergent Powder",1000,2.60,0.00
"Oxi Green Dish Wash Liquid - Lemon",500,0.98,0.00
"Dabur Hommade - Garlic Paste",200,0.47,0.00
"Veeba Eggless Mayonnaise",250,0.70,0.00
"Mango Raw",500,0.50,0.00
"Amul Frozen Malai Paneer",200,0.73,0.00
"Gillette Presto Ready Shaver 5 Cartridges ",290,0.82,0.00
"McCain Herb & Garlic Crazy Fries Masala Mix ",400,1.14,0.00
"Parachute 100% Pure Coconut Oil",300,1.23,0.00
"Banana Red",500,0.45,0.00
"Mother Dairy Ultra Full Cream Milk",500,0.31,0.00
"Parle Fab Bourbon",150,0.30,0.00
"Dettol Clinical Strength Hand Sanitizer Liquid",500,2.25,0.00
"Praakritik Organic Singhara Atta",500,2.25,0.00
"Pedigree Puppy Dry Dog Food Food Chicken & Milk",1200,2.32,0.00
"Veeba Salsa Dip",360,1.11,0.00
"Fresh Chicken Whole Leg - Skinless (Halal)",500,1.57,0.00
"Mortein Dual All Insect Killer Spray",600,2.52,0.00
"Onion",3000,0.57,0.00
"TGFC Chicken Boneless Fresh Whole",500,2.22,0.00
"Go Cheese Spread - Garlic",200,0.94,0.00
"Mother's Recipe Pickle - Mango",500,1.09,0.00
"Epigamia Almond Milk Unsweetened Dairy Free",1000,1.99,0.00
"Britannia Multigrain Bread ",400,0.55,0.00
"Cadbury Chocobakes Choc Filled Cookies",150,0.60,0.00
"The Bake Shop Whole Wheat Ladi Pav",200,0.40,0.00
"Safal Frozen - Mixed Vegetables",1000,1.05,0.00
"Potato",3000,0.84,0.00
"Vicks Cough Drops Menthol",1160,0.20,0.00
"Popular Essentials Broken Wheat/Daliya",500,0.34,0.00
"Britannia Toastea Premium Bake Rusk",182,0.35,0.00
"Surf Excel Matic Front Load Detergent Powder",2000,5.07,0.00
"McCain Smiles - Pudina Chatka",375,1.14,0.00
"Pears Pure And Gentle Value Pack Of 3 Bathing Soap",375,1.86,0.00
"Top Ramen Masala Oat Masala",280,0.72,0.00
"Everest Tikhalal Hot & Red Chilly Powder",100,0.46,0.00
"Patanjali Kesh Kanti Natural Hair Cleanser",200,0.68,0.00
"Sunfeast Marie Light",200,0.20,0.00
"Yummiez Green Peas",1000,2.50,0.00
"Godrej No.1 Bathing Soap – Lime & Aloe Vera",500,0.84,0.00
"Shubh kart - Nirmal 5 in 1 Agarbatti Zipper - 150g",150,0.56,0.00
"Popular Essentials HMT Kolam Steam",5000,3.33,0.00
"Everest Coriander Powder",200,0.63,0.00
"Fortune Besan Flour",1000,1.20,0.00
"Potato",1000,0.29,0.00
"Apsara Non Dust Eraser",1160,0.54,0.00
"Mothers Recipe Papad Chana Masala",200,0.71,0.00
"Pumpkin Cut",200,0.25,0.00
"Nestle A+ Nourish Dahi",400,0.68,0.00
"Britannia Good Day Pista Badam",200,0.44,0.00
"Lijjat Moong Papad",200,0.57,0.00
"Satyam Puffed Rice Kurmura (A)",200,0.43,0.00
"Saffola Veggie Twist Masala Oats",500,1.71,0.00
"Sundrop Super Lite Advanced - Sunflower Oil",1000,2.15,0.00
"Satyam Thin Poha Patla",500,0.35,0.00
"Amul Dark Compound Chocolate Slab",500,1.22,0.00
"Saffola Active Oil",1000,2.10,0.00
"24 Mantra Turmeric Powder",100,0.34,0.00
"Popular Essentials Toor Dal (Un-Polished)",500,0.74,0.00
"Sunfeast Farmlite Nuts Digestive",250,0.62,0.00
"Sunfeast YiPPee! Magic Masala Noodles",405,0.63,0.00
"Popular Essentials Jeera/Cumin Seeds",100,0.38,0.00
"Britannia Treat Burst Choco Creme Fills",120,0.30,0.00
"Jivana Jaggery",950,1.00,0.00
"Britannia Vita Marie Gold Biscuit",300,0.45,0.00
"Yummiez Green Peas",500,1.35,0.00
"Ching's Secret Green Chilli Sauce",680,0.81,0.00
"Amul Cheese Sauce Jalapeno",200,0.75,0.00
"Oxi Green Phenyl Concentrate",1000,1.80,0.00
"Lizol Double Concentrate Disinfectant Floor Cleaner Lavender",900,2.92,0.00
"24 Mantra Sunflower Oil (Cold Pressed) Pet Bottle",1000,3.47,0.00
"Popular Essentials Moth Whole",500,0.81,0.00
"Kellogg's Special K Original Corn Flakes",290,1.33,0.00
"Popular Essentials Bajra Whole",1000,0.56,0.00
"ITC Master Chef Veggie Pizza Pocket",340,1.62,0.00
"Dhara Life Refined Ricebran Oil (Pouch)",1000,1.90,0.00
"Kellogg’s Chocos Protein And Fibre Of 1 Roti",1200,4.44,0.00
"Durex Air Ultra Thin Condom",580,2.20,0.00
"Popular Essentials Brown Sugar",500,0.40,0.00
"Saffola Soya Chunks Mealmaker",200,0.50,0.00
"Kitchens Of India Mutter Paneer",285,1.24,0.00
"Suguna Nourish Egg",696,0.62,0.00
"Eveready 1012 Carbon Zinc AAA Battery",580,1.43,0.00
"Popular Essentials Horse Gram",500,0.36,0.00
"Britannia Nutri Choice Digestive Biscuits Packet",100,0.25,0.00
"Tomato Cherry ",200,0.29,0.00
"24 Mantra Organic Peanuts",500,1.25,0.00
"Mint Leaves ",100,0.09,0.00
"Whisper Daily Liners Clean and Fresh",1160,1.05,0.00
"Maggi 2-Minute Instant Noodles - Masala",280,0.44,0.00
"iD Natural Paneer",200,0.99,0.00
"Bagrrys Corn Flakes",880,3.50,0.00
"Amul Taaza Toned Homogenised Milk",1000,0.64,0.00
"Beetroot",500,0.13,0.00
"Kelloggs Special K",435,1.92,0.00
"Fortune Kachi Ghani Mustard Oil Bottle",1000,1.99,0.00
"McCain Crazy Fries Masala MixHot 'n' Tangy",400,1.14,0.00
"Dabur Hajmola Pudina - Digestive Tablets",120,0.42,0.00
"Dabur Hommade - Ginger Garlic Past Tub",400,1.04,0.00
"Popular Essentials Idli Sooji ",500,0.28,0.00
"Tata Sampann Unpolished Urad Whole",500,0.94,0.00
"The Bake Shop Whole Wheat Multigrain Toast (Rusk)",200,0.56,0.00
"Popular Essentials HMT Kolam Steam",1000,0.75,0.00
"Beans Cluster",250,0.25,0.00
"Praakritik Organic Tuvar Dal",500,1.40,0.00
"Ching's Red Chilli Sauce",200,0.55,0.00
"Origami Paper Party Plates",580,2.40,0.00
"Lizol Double Concentrate Disinfectant Floor Cleaner Citrus",1900,5.98,0.00
"Cadbury Oreo Creme Biscuit - Vanilla, Original 120 g",120,0.29,0.00
"Beetroot",250,0.09,0.00
"Mixed Sprouts",200,0.29,0.00
"Madhur Pure And Hygienic Sugar",5000,2.66,0.00
"Kellogg's Crunchy Bites Chocos",375,1.71,0.00
"MTR Seviyan Vermicelli ",400,0.42,0.00
"Praakritik Organic Raw Sugar",500,0.84,0.00
"Savlon Moisture Shield Hand Wash",750,0.95,0.00
"The Bake Shop Burger Buns",100,0.20,0.00
"Dabur Gulabari Premium Rose Water",120,0.47,0.00
"Sunfeast Dark Fantasy Choco Fills Cookies Packet",300,1.27,0.00
"Hit Cockroach Killer Spray ",200,0.98,0.00
"Mother's Recipe Lime Pickle ",400,1.14,0.00
"Genteel Liquid Detegrent",2000,3.20,0.00
"Madhur Sugar",1000,0.56,0.00
"MTR Roasted Vermicelli ",400,0.55,0.00
"Nestle A+ Actiplus Probiotic Dahi Plain Curd",400,0.75,0.00
"Palmolive Naturals Sea Minerals Liquid Hand Wash",250,0.89,0.00
"Britannia Milk Bikis Cream Biscuit",200,0.45,0.00
"Popular Essentials Sona Masouri Raw Rice",1000,0.75,0.00
"Britannia Milk Bikis Biscuits Packet",200,0.20,0.00
"Sapota",348,0.25,0.00
"Om Bhakti - Pancha Deepa Oil ",1000,1.79,0.00
"Kapiva Thar Aloe Vera Juice",1000,2.54,0.00
"Aashirvaad Select Atta",1000,0.64,0.00
"Chef's Basket Durum Wheat Penne Pasta",500,0.80,0.00
"Tata Sampann Unpolished Rajma (Chitra)",500,1.25,0.00
"Amul Unsalted Cooking Butter",500,2.38,0.00
"Dettol Hand Sanitizer",200,0.95,0.00
"Hajmola Anardana Digestive Tablets",120,0.42,0.00
"Aashirvaad Breakfast Instant Mix - Rice Idli",200,0.52,0.00
"Lotte Choco Pie ",168,0.72,0.00
"Popular Essentials Dessicated Coconut",200,0.86,0.00
"TGFC Tilapia Curry Cut",500,1.47,0.00
"Dabur Ginger Garlic Paste",200,0.47,0.00
"Britannia 50-50 Maska Chaska Biscuits",120,0.31,0.00
"Sunfeast YiPPee! Noodles - Magic Masala",540,0.91,0.00
"Britannia Nutri Choice Oats Choco Almond Biscuit",100,0.23,0.00
"Chef's Basket Durum Wheat Elbow Pasta",500,0.80,0.00
"Ariel Complete Detergent Washing Powder 1 kg + 500 g Free",1500,2.63,0.00
"Colgate Zig Zag Charcoal Medium Toothbrush 4 Pcs",232,0.99,0.00
"Kellogg's All Bran Wheat Flakes",425,2.05,0.00
"24 Mantra Organic Puffed Rice",200,0.39,0.00
"Kitchens of India Dal Makhani",285,0.77,0.00
"Britannia Bourbon Biscuit Buy 4 Get 1 Free",500,0.72,0.00
"Amul Fresh Cream",250,0.63,0.00
"Garlic",200,0.13,0.00
"24 Mantra Bura Sugar (Demerara)",500,0.72,0.00
"Bauli Moonfills Pack of 4",180,0.54,0.00
"iD Curd Cup",400,0.60,0.00
"ITC Master Chef Classic Aloo Tikki",320,0.72,0.00
"Basil",100,0.17,0.00
"Surf Excel Matic Top Load Detergent Powder",1000,1.88,0.00
"Figaro Pitted Black Olive ",450,1.79,0.00
"Lijjat Urad Papad",200,0.57,0.00
"Tomato Hybrid",1000,0.35,0.00
"Popular Essentials Black Masoor Whole (Un-Polished)",500,0.58,0.00
"Ching's Secret Veg Hakka Noodles",600,1.07,0.00
"Praakritik Organic Besan",500,1.59,0.00
"Pantai Coconut Cream",400,1.43,0.00
"Lettuce Iceberg",250,0.21,0.00
"Britannia Tiger Krunch Biscuits",400,1.20,0.00
"Whiskas Kitten (2-12 months) Dry Cat Food Food Ocean Fish",1100,3.47,0.00
"24 Mantra Organic Chana Dal",500,0.89,0.00
"Mother's Recipe Madras Appalam",100,0.45,0.00
"Switz Paratha Puff",400,1.05,0.00
"Woodward's Gripe Water",200,0.75,0.00
"Veeba Carrot & Cucumber Sandwich Spread",250,0.76,0.00
"Britannia 50-50 Maska Chaska Biscuit",300,0.68,0.00
"MTR Ready to Eat Pav Bhaji",300,1.10,0.00
"Whiskas Adult Pocket Tuna Cat Food",1200,4.10,0.00
"iD Malabar Parota ",400,0.72,0.00
"Popular Essentials Rice Flour",1000,0.60,0.00
"iD Idli & Dosa Batter ",1000,0.68,0.00
"Woodwards Gripe Water ",130,0.50,0.00
"Popular Essentials Mustard Seeds Rai Yellow",100,0.25,0.00
"Popular Essentials Chiroti Sooji",500,0.34,0.00
"Britannia Pure Magic Vanilla Creme Biscuit",100,0.29,0.00
"Fortune Soya Health Refined Soybean Oil",1000,2.06,0.00
"Sunfeast Farmlite 5 Seed Digestive",250,0.60,0.00
"24 Mantra Organic Moong Dal",500,1.25,0.00
"Dabur Hommade - Imli Sauce Saunth",100,0.18,0.00
"Popular Essentials Fried Gram (Bengal Gram)",500,0.63,0.00
"Tata Salt",1000,0.24,0.00
"Borges Canola Oil Pet Bottle",1000,3.99,0.00
"Moong Sprouts",200,0.29,0.00
"Unibic Assorted Cookies ",450,1.37,0.00
"Banana Nendran",500,0.45,0.00
"Om Bhakti Cow Dung Cakes ",290,0.16,0.00
"Ching's Secret Chilli Vinegar",170,0.50,0.00
"Britannia 100% Whole Wheat Bread",450,0.45,0.00
"Popular Essentials Methi Seeds",100,0.25,0.00
"Capsicum",500,0.21,0.00
"Lizol Disinfectant Surface & Floor Cleaner Liquid Floral",975,1.88,0.00
"Amul Pure Ghee (Pouch)",1000,4.99,0.00
"Surf Excel Quick Wash",1000,1.95,0.00
"Whisper Bindazzz Nights XL + Sanitary Pad",406,0.90,0.00
"Aashirvaad Superior MP Atta",5000,2.45,0.00
"Del Monte Original Blend Tomato Ketchup Pouch",950,1.11,0.00
"Patanjali Kesh Kanti Aloe Vera Hair Cleanser",200,0.85,0.00
"Sugarlite 50% Less Calories Sugar Pouch",500,0.59,0.00
"Kitchens Of India Palak Paneer",285,0.91,0.00
"Himalaya Anti-Hair Fall Shampoo",400,1.88,0.00
"Britannia Treat Jimjam Cream Biscuits ",100,0.25,0.00
"Ching's Secret Red Chilli Sauce",440,1.05,0.00
"Pillsbury Atta/Godihittu - Chakki Fresh",5000,2.75,0.00
"Kellogg's Real Almond & Honey Corn Flakes",650,3.24,0.00
"Figaro Sliced Black Olive ",450,1.79,0.00
"Mother's Recipe Paste Ginger & Garlic",300,0.68,0.00
"Everest Coriander Powder",100,0.31,0.00
"Popular Essentials Rozana Sona Masuri Raw Rice",5000,3.12,0.00
"Popular Essentials Sattu Atta",500,0.79,0.00
"Godrej Real Good Chicken Marinated Lollipop ",580,1.80,0.00
"Mother's Recipe Ginger And Garlic Paste",200,0.38,0.00
"Cadbury Oreo Strawberry Bicuits",120,0.29,0.00
"Nestle Milkmaid",400,1.28,0.00
"Kellogg's Chocos Combo Pack",156,0.56,0.00
"Godrej Protekt Germ Fighter Handwash",750,0.99,0.00
"Kelloggs Chocos - Moons & Stars",1200,3.96,0.00
"Savlon Herbal Sensitive Liquid Handwash Refill Pouch",750,1.10,0.00
"Britannia Good Day Cashew Cookies",100,0.20,0.00
"Dukes Waffy Strawberry Roll",250,0.75,0.00
"Kellogg's Original Corn Flakes",875,2.90,0.00
"Britannia Burger Bun with Sesame Seed",200,0.30,0.00
"Pillsbury Chakki Fresh Atta",1000,0.52,0.00
"Tata Sampann Unpolished Toor Dal/Arhar Dal",1000,1.77,0.00
"Fortune Soyabean Oil",1000,1.81,0.00
"Surf Excel Stain Eraser",150,0.18,0.00
"Fiama Di Wills Lemongrass & Jojoba Gel Bar",375,1.58,0.00
"Del Monte Eggless Mayo",500,1.26,0.00
"Kitchen Of India Ready-To-Eat Pindi Channa",285,0.77,0.00
"Del Monte Schezwan Sauce",190,0.55,0.00
"Popular Essentials Ajwain Whole",100,0.44,0.00
"Mother Dairy Toned Milk Pouch",500,0.25,0.00
"Saffola Gold Refined Cooking Oil (Jar)",2000,4.49,0.00
"Britannia Fruit Bun",100,0.17,0.00
"Harpic Lemon Bathroom Cleaner ",500,0.86,0.00
"MTR Dal Fry",300,1.10,0.00
"Kiwi Dranex Drain Cleaner",348,1.22,0.00
"Stayfree Secure Dry Cover Extra Large Sanitary Pad",406,0.41,0.00
"Nestle A+ Slim Dahi - Low Fat",400,0.75,0.00
"Chef's Basket Durum Wheat Fusilli Pasta",500,0.80,0.00
"Whisper Ultra Clean XL Plus Sanitary Pad",870,1.75,0.00
"Quaker Oats Pouch",1500,2.48,0.00
"24 Mantra Sona Masuri Brown Rice",5000,4.23,0.00
"Dettol Original Soap (B4G1)",625,2.47,0.00
"Popular Essentials Salted Murmure ",400,0.57,0.00
"MTR Roasted Vermicelli ",850,1.05,0.00
"Dabur Hajmola Imli Digestive Tablets",120,0.42,0.00
"Kitchens Of India Rajma Masala",285,0.77,0.00
"Britannia Nutrichoice 5 Grain Digestive Biscuits",200,0.75,0.00
"24 Mantra Organic Urad White Whole",500,1.22,0.00
"Pedigree Dog Food Adult Chicken & Veg",3000,5.94,0.00
"Weikfield Baking Soda",100,0.29,0.00
"Lotte Choco Pie ",336,1.31,0.00
"Godrej Real Good Chicken Lollypop",580,1.58,0.00
"Del Monte Pizza & Pasta Sauce Spout Pack",400,0.99,0.00
"Gits Medu Vada Instant Snack Mix",200,0.86,0.00
"TGFC Catla Bengali Cut",500,2.04,0.00
"Whisper Choice Regular Wing Sanitary Pad",406,0.30,0.00
"Dabur Honey - World's No.1",250,1.20,0.00
"Popular Essentials Pure Jaggery",450,0.49,0.00
"Lizol Double Concentrate Disinfectant Floor Cleaner Citrus",900,3.08,0.00
"Baker Street Suji Rusk Large Pack",200,0.27,0.00
"Aashirvaad Iodised Salt ",1000,0.19,0.00
"Quaker Oats",1000,1.84,0.00
"Surf Excel Quick Wash",4000,5.49,0.00
"Maggi Special Masala Spicy Yummy Noodles",280,0.72,0.00
"Praakritik Organic Natural Rock Salt",500,0.56,0.00
"Figaro Plain Green Olive ",450,1.79,0.00
"Veeba Sriracha Chilli Garlic Sauce",320,1.37,0.00
"Sweet Lime",116,0.25,0.00
"Carrot",500,0.15,0.00
"Veeba Pasta And Pizza Sauce",280,0.65,0.00
"McCain French Fries Crisp & Delicious",750,1.67,0.00
"Dabur Ginger Garlic Paste",100,0.23,0.00
"Dabur 100% Pure Honey - Worlds No.1",1000,3.87,0.00
"Popular Essentials Pink Rajma",500,0.90,0.00
"Amul Delicious Fat Spread - Cholesterol Free",500,0.86,0.00
"Popular Essentials Urad Dal Split (Un-Polished)",500,0.77,0.00
"Britannia Good Day Choco Chip Cookies",100,0.29,0.00
"24 Mantra Organic Green Moong Dal - Split",500,1.35,0.00
"McCain Veggie Fingers",400,1.11,0.00
"Masala Oats Masala & Coriander ",500,1.76,0.00
"Aashirvaad Instant Mix - Rice Dosa",200,0.52,0.00
"Dabur Hommade - Kalonji Tamatar Ki Chutney",200,0.61,0.00
"Ariel Matic Front Load Detergent Washing Powder",3000,6.80,0.00
"24 Mantra Organic Jowar Flour",500,0.65,0.00
"Fiama Peach & Avocado Gel Bar",375,1.58,0.00
"Fortune Soyabean Oil",5000,9.99,0.00
"Britannia Good Day Nut Cookies",120,0.30,0.00
"Capsicum Green ",250,0.19,0.00
"Ariel Matic Top Load Detergent Washing Powder",1000,2.25,0.00
"Gillette Sensitive Shaving Foam",418,2.10,0.01
"L'Oreal Paris Color Protect Conditioner",192,1.99,0.01
"Himalaya Anti Hair Fall Shampoo",700,3.67,0.01
"Cadbury Cocoa Powder",150,2.11,0.01
"Godrej Real Good Chicken Leg Boneless",450,2.48,0.01
"Head & Shoulders Anti Dandruff Anti Hairfall Shampoo",340,2.85,0.01
"Popular Essentials Sabja/Basil Seeds",100,0.51,0.01
"Dove Hair Fall Rescue Conditioner",175,1.90,0.01
"Gowardhan Pure Ghee Pouch",500,2.81,0.01
"Johnson's Baby Oil",200,2.00,0.01
"Pantai Fish Sauce",200,2.34,0.01
"Zorabian Chicken Smoked Ham",250,1.94,0.01
"Ceres Foods Nalli Nihari Instant Liquid Masala",200,1.10,0.01
"Pantai Light Soy Sauce",200,2.34,0.01
"Popular Essentials Black Raisins Seedless",100,0.54,0.01
"Everest Dry Mango Powder",100,0.80,0.01
"Popular Essentials Phool Makhana (Jumbo Size)",100,1.28,0.01
"Godrej Yummiez Chicken Nuggets",500,2.93,0.01
"Del Monte Black Sliced Olives",450,2.50,0.01
"Nivea Cocoa Nourish Body Lotion With Coconut Oil & Cocoa Butter For Very Dry Skin ",200,2.47,0.01
"Himalaya Anti Dandruff Shampoo",200,1.26,0.01
"The Whole Truth - 5 Grain Muesli No Added Sugar",350,2.60,0.01
"Pomegranate ",116,0.89,0.01
"L'Oreal Anti Hair Fall Conditioner",192,1.99,0.01
"Apple Shimla",232,1.19,0.01
"Fiama Men's Refreshing Pulse Shower Gel",250,1.80,0.01
"Sunsilk Stunning Black Shine Shampoo",650,5.21,0.01
"Odonil Room Air Freshener Spray Lavender Mist",240,1.41,0.01
"Scotch Brite Sponge Wipes",174,2.00,0.01
"Pillsbury Oven Cake Mix - Rich Chocolate",285,1.47,0.01
"Lux International Creamy White Soap Bar",125,0.63,0.01
"Ceres Foods Laal Maas Instant Liquid Masala",200,1.10,0.01
"Nestle Cerelac Baby Cereal With Milk Wheat-Rice Mixed Fruit",300,2.61,0.01
"Delight Nuts Cranberries Sliced ",200,2.39,0.01
"Johnson's Baby Oil",100,1.15,0.01
"Dove Dandruff Care Shampoo",180,1.47,0.01
"Kellogg's Real Almond & Honey Corn Flakes",300,1.58,0.01
"Head & Shoulders 2-in-1 Cool Menthol Anti Dandruff Shampoo + Conditioner",340,3.75,0.01
"L'Oreal 6 Oil Nourish Conditioner",192,1.35,0.01
"Ceres Foods Fish Mustard Instant Liquid Masala",200,1.10,0.01
"Everest Kitchen King Masala",100,0.60,0.01
"ITC Master Chef Chicken Galouti Kebab",210,1.62,0.01
"Dove Daily Shine Shampoo",340,2.40,0.01
"Godrej Real Good Chicken Breast Boneless",450,2.48,0.01
"Himalaya Gentle Baby Shampoo",400,2.65,0.01
"Dettol Antiseptic Disinfectant Liquid",125,0.66,0.01
"Dabur Honitus Herbal Cough Remedy Ayurvedic Syrup",100,0.89,0.01
"Godrej Yummiez Chilli Chicken Sausages ",250,1.44,0.01
"L'Oreal Paris Total Repair 5 Conditioner",192,1.99,0.01
"Dove Daily Shine Shampoo",650,6.12,0.01
"Patanjali Hing Goli",100,0.58,0.01
"Dabur Honey Squeezy",225,1.67,0.01
"The Bake Shop Maska & Multigrain Cheese Crackers",100,1.16,0.01
"Head & Shoulders 2-in-1 Active Protect Shampoo",340,3.38,0.01
"Pantene Advanced Hair Fall Solution Shampoo - Total Damage Care",180,1.20,0.01
"Amul Butter - Pasteurised (School Pack)",100,0.57,0.01
"Everest Kitchen King Masala",200,1.28,0.01
"Palmolive Aroma Absolute Relax Shower Gel",250,1.59,0.01
"Gillette Pre Shave Foam - Classic Regular Skin",418,2.25,0.01
"Clean & Clear Foaming Face Wash",100,1.26,0.01
"Patanjali Cow's Ghee",1000,5.65,0.01
"Mamaearth Deeply Nourishing wash for Babies",200,1.99,0.01
"Betty Crocker Mug Treats - Chocolate Mix - Pack of 4",264,1.78,0.01
"Nycil Germ Expert Cool Herbal Talc",150,1.19,0.01
"Bagrrys Fruit and Nut Muesli with Cranberries",750,4.99,0.01
"On1y Black Salt Grinder",100,0.99,0.01
"Everest Dry Ginger Powder",100,0.68,0.01
"Weikfield Cooker Cake Mix - Vanilla",150,0.95,0.01
"Satyam Chilli  Bedgi",100,0.73,0.01
"Mortein PowerGard Rat Kill Cake",100,0.60,0.01
"Zorabian Chicken Cubes",500,2.70,0.01
"Set Wet Deodrant Charm Avatar",150,1.99,0.01
"Kitchens Of India Murgh Methi",285,1.54,0.01
"Sunsilk Lusciously Thick & Long Shampoo",340,2.34,0.01
"Scotch-Brite Scrub Sponge Ideal For Dishwash Liquid",116,0.59,0.01
"Colgate Total Charcoal Anticavity Toothpaste",120,0.99,0.01
"Zorabian Chicken Leg Boneless ",450,2.50,0.01
"Shubh kart - Nirmal Eco Box Sugandhi Mogra Agarbatti - 100g",100,0.56,0.01
"Kelloggs Chocos Fills Double Chocolaty",250,1.65,0.01
"Everest Kashmiri Lal Chilli Powder",500,2.79,0.01
"Delight Nuts Almond Natural ",200,2.79,0.01
"Colgate Visible White Toothpaste",100,1.03,0.01
"Vaseline Original Skin Protecting Jelly",100,1.12,0.01
"MTR Masala - Sambar Powder",200,1.15,0.01
"Bagrry's Fruit Fibre Muesli Mixed Fruit ",1000,5.95,0.01
"Eno Regular Fruit Salt Energy Powder",100,1.30,0.01
"Hershey's Hot Chocolate Powder",250,2.10,0.01
"Nivea Body Milk Lotion for Very Dry Skin",400,3.19,0.01
"Cantina Tortilla Dip Sauce Sour Creamy Tex Mex",190,1.91,0.01
"Listerine Cool Mint Mouthwash - Mild Taste",250,1.35,0.01
"On1y Sea Salt Grinder",100,0.89,0.01
"Everest Meat Masala Powder",100,0.67,0.01
"Engage Mate For Man Deo Spray",150,1.74,0.01
"Danish Butter Cookies",400,3.50,0.01
"Godrej Yummiez Chicken Breakfast Salami",250,1.43,0.01
"Mamaearth Ubtan Body Lotion",400,3.39,0.01
"Vaseline Intensive Care Aloe Fresh",200,2.03,0.01
"Hershey's Cocoa - Natural Unsweetened",225,2.43,0.01
"Colgate Slim Soft Charcoal Toothbrush",232,1.23,0.01
"Durex Mutual Climax Condoms",580,3.06,0.01
"Patanjali Saundarya Aloe Vera Gel",150,0.90,0.01
"RRO Mozzarella Block Cheese",200,1.47,0.01
"Savlon Clothes Disinfectant & Refreshing Spray Fresh Breeze",230,1.57,0.01
"Hershey's Cocoa + Almond Spread",350,2.66,0.01
"Bajaj Almond Drops Hair Oil Bottle",200,1.20,0.01
"Borges Extra Virgin Olive Oil",250,2.99,0.01
"Nivea Men Deodorant Fresh Active 48h Long lasting Freshness",150,1.69,0.01
"Pantai Chilli Garlic Sauce",200,2.34,0.01
"Praakritik Organic Extra Virgin Coconut Oil",100,1.34,0.01
"Odomos lotion - Mosquito Repellent",120,0.82,0.01
"Go Cheese Pizza Blend Mozzarella + Cheddar",200,1.18,0.01
"Dlecta Cheese Block",200,1.45,0.01
"L'Oreal Paris Color Protect Shampoo",360,2.82,0.01
"Pantai Oyster Sauce",200,2.34,0.01
"Oral-B Charcoal Cross Cross Extra Soft Toothbrush (Buy 2 Get 1 Free)",174,1.80,0.01
"Dlecta Cheese Cubes 2",200,1.37,0.01
"The Whole Truth Peanut Butter - Sweetened & Crunchy",325,1.72,0.01
"Fresh Mutton Mince - Kheema (Halal)",500,4.95,0.01
"Soulfull Ragi Bites Choco Fills",250,1.60,0.01
"Everest Chat Masala",100,0.59,0.01
"Dabur Gulabari Rose Glow Face Cleanse",100,0.71,0.01
"Dove Hair Fall Rescue Shampoo",180,1.23,0.01
"Head & Shoulders 2 In 1 Anti Dandruff Smooth & Silky Shampoo+Conditioner",340,3.34,0.01
"RRO Mozzarella Pizza Cheese",200,1.37,0.01
"Dabur Meswak Toothpaste",200,1.00,0.01
"Bagrrys Fruit N Fibre Muesli Mixed Fruit",500,3.30,0.01
"L'Oreal Paris Total Repair 5 Shampoo",396,2.65,0.01
"Figaro Pure Olive Oil",200,2.99,0.01
"Remia Mayonnaise",241,2.30,0.01
"Godrej Real Good Chicken Kheema",450,2.30,0.01
"Closeup Everfresh+ Anti-Germ Gel Toothpaste Red Hot",150,0.81,0.01
"Gillette Classic Regular Pre Shave Foam",196,1.99,0.01
"Himalaya Purifying Neem Face Wash Tube",300,2.29,0.01
"Dove Hair Fall Rescue Shampoo",340,2.36,0.01
"Fiama Lemongrass and Jojoba Shower Gel",250,1.80,0.01
"The Whole Truth Dark Chocolate Peanut Butter - Creamy",325,1.74,0.01
"Listerine Fresh Burst Mouthwash",250,1.26,0.01
"Popular Essentials Pista Salted (With Shell)",250,3.71,0.01
"The Bake Shop Whole Wheat Multigrain Lavash",100,0.70,0.01
"Fiama Men's Refreshing Pulse Shower Gel",250,1.79,0.01
"Himalaya Anti Dandruff Shampoo",400,2.13,0.01
"Satyam Nighties Spices  Chilli Kashmiri",100,0.95,0.01
"Everest Chicken Masala",200,1.32,0.01
"Head & Shoulders Anti-Dandruff Smooth & Silky Shampoo",340,2.66,0.01
"Dove Pink Rosa Beauty Bathinhg Bar",100,0.60,0.01
"Mamaearth Daily Moisturizing Lotion For Babies",200,1.99,0.01
"Delight Nuts Trail Mix ",200,2.99,0.01
"L'Oreal Paris Dream Lengths Shampoo",192,1.49,0.01
"Zorabian Chicken Breast Boneless",250,1.33,0.01
"Park Avenue Beer Shampoo ",180,1.40,0.01
"Johnson's Baby No More Tears Baby Shampoo",100,0.98,0.01
"Remia Salad Caesar Dressing",250,2.50,0.01
"Everest Black Pepper Powder",100,1.15,0.01
"Bagrrys Fruit N Fibre Muesli - Strawberry",1000,5.95,0.01
"Praakritik Organic Ginger Powder",100,1.25,0.01
"Del Monte Pitted Green Olives",450,2.50,0.01
"Airwick Room Air Freshener Spray - Rose & Saffron",245,1.52,0.01
"Borges Extra Light Olive Oil Bottle ",2000,13.99,0.01
"Head & Shoulders Anti Dandruff Shampoo Cool Menthol",340,2.66,0.01
"Engage Rush Deodorant For Men",150,1.69,0.01
"Clean & Clear Morning Energy Berry Face Wash",100,1.45,0.01
"Dove Daily Shine Conditioner",175,1.90,0.01
"Pedigree Dentastix  Dog Treat Oral Care for Adult Medium Breed ",180,1.40,0.01
"Dabur 100% Pure Honey",400,2.97,0.01
"Organic India Organic Chyawanprash",500,3.96,0.01
"Go Pizza Cheese",200,1.33,0.01
"Horlicks Protein Plus Chocolate",200,2.70,0.01
"Kellogg's Crunchy Granola Chocolate & Almonds",450,2.94,0.01
"The Whole Truth Dark Chocolate Peanut Butter - Crunchy",325,1.88,0.01
"The Laughing Cow Plain Processed Cheese Block",200,1.50,0.01
"Borges Durum Wheat Fusilli Pasta ",500,2.50,0.01
"Head & Shoulders Shampoo + Conditioner - 2-In-1, Cool Menthol",340,3.65,0.01
"Everest Tandoori Chicken Masala",100,0.67,0.01
"Popular Essentials Pumpkin Seeds",100,0.75,0.01
"Himalaya Baby Powder",100,0.73,0.01
"Pantene Total Damage Care Shampoo",180,1.20,0.01
"Vicks Inhaler with Keychain",116,0.95,0.01
"Clinic Plus Strong & Long Health Shampoo",650,4.49,0.01
"Himalaya Baby Lotion",400,2.64,0.01
"The Laughing Cow Cheese Spread Plain",180,1.10,0.01
"Pantene Hairfall Control Conditioner",200,1.78,0.01
"Popular Essentials Californian Almond",250,2.51,0.01
"Go Cheese Processed Block",400,2.37,0.01
"Engage Drizzle Deodorant For Women, Floral And Lavender, Skin Friendly",150,1.74,0.01
"The Laughing Cow Cheese Cubes",200,1.50,0.01
"Axe Dark Temptation Men's Deodorant",150,1.94,0.01
"Pantai Sriracha Yellow Chilli Sauce",200,1.91,0.01
"Godrej Yummiez Chicken Lucknowi Seekh Kebab",400,2.34,0.01
"Odomos Mosquito Repellent Spray",100,0.82,0.01
"Everest Garam Masala",100,0.72,0.01
"Wingreens Farms Chipotle Dip",180,1.50,0.01
"Amul Cheese Slices",100,0.70,0.01
"Happilo Premium Afghani Anjeer",200,2.56,0.01
"Britannia Good Day Cashew Cookies Pack Of 6",120,1.08,0.01
"Sunsilk Lusciously Thick & Long Shampoo",650,5.21,0.01
"ITC Master Chef Chicken Seekh Kabab",500,3.25,0.01
"Pantai Red Curry Paste",114,1.28,0.01
"The Bake Shop Masala Lavash",100,0.70,0.01
"Kelloggs Muesli - With 22% Fruit Magic",500,2.88,0.01
"Pillsbury Oven Cake Mix - Vanilla",225,1.56,0.01
"Amul Processed Cheese Block",200,1.06,0.01
"Odonil Room Spray Air Freshener Citrus Fres",137,1.32,0.01
"The Bake Shop Whole Wheat Bread Sticks",100,0.56,0.01
"Happilo Premium 100% Natural Whole Cashews",200,2.35,0.01
"Pantai Teriyaki Sauce with Garlic",200,2.76,0.01
"Popular Essentials Byadagi Chilli Stemless",100,0.80,0.01
"Baggry's Crunchy Muesli Almond Raisins & Honey",200,1.30,0.01
"Chik Hairfall Prevent Egg Shampoo",340,1.78,0.01
"Godrej Aer Morning Misty Meadows Home Air Freshener",240,1.49,0.01
"Yoga Bar Breakfast Muesli - Chocolate & Cranberry ",400,3.09,0.01
"Amul Cheese - Processed Slices",200,1.20,0.01
"Johnson's Baby Soap",100,0.70,0.01
"Everest Garam Masala",200,1.42,0.01
"Go Cheese Slice - Plain",200,1.33,0.01
"Kellogg's Almonds And Cranberries Granola",460,3.10,0.01
"Pantai Dark Soy Sauce",200,2.34,0.01
"Pantai Hot Chilli Sauce",200,2.34,0.01
"Sundrop Cocoa Nut Hazelnut Chocolatey Spread",160,1.20,0.01
"Ching's Secret Chowmein Hakka Noodles Masala",100,0.54,0.01
"D'lecta Shredded Mozzarella Cheese",140,0.95,0.01
"Satyam Nighties Spices  Chilli Bore",100,0.80,0.01
"Air Wick Room Air Freshener Spray - Lavender & Lotus",245,1.52,0.01
"Hit Lime Fresh Flying Insect Killer",385,2.69,0.01
"Moi Soi Kung Pao Sauce - For Stir Fry Marinade Spread & Dip",175,1.40,0.01
"Pantene Adv Hairfall Solution Conditioner Silky Smooth",200,1.90,0.01
"RRO Burrata Cheese",200,1.25,0.01
"Sugarfree Natural Green Stevia Leaves Zero Calorie",100,0.75,0.01
"Dove Intense Repair Conditioner",175,1.62,0.01
"President Butter - Salted",100,0.54,0.01
"Nestle Cerelac Wheat - Stage 1",300,1.90,0.01
"Epigamia Greek Yogurt - Natural",400,2.00,0.01
"Apple Kinnaur",232,1.19,0.01
"The Laughing Cow Cheese Slices",200,1.55,0.01
"Pantene Advanced Control Hair Fall Solution Shampoo",180,1.12,0.01
"Himalaya Gentle Baby Bath",200,1.50,0.01
"Godrej Yummiez Cheese Corn Nuggets ",400,2.30,0.01
"TRESemme Smooth And Shine Conditioner",190,1.82,0.01
"Nivea Soft Light Moisturizer for Face Hand & Body Non-Sticky Cream with Vitamin E & Jojoba Oil",300,3.19,0.01
"Dlecta Natural Cheddar Slices",200,1.89,0.01
"Kellogg's Real Almond & Honey Corn Flakes",1000,5.20,0.01
"Zorabian Chicken Mince",450,2.50,0.01
"Listerine Fresh Burst Mouthwash",500,2.63,0.01
"Kellogg's Crunchy Granola Honey, Almonds, Strawberries & Pumpkin Seeds",450,2.94,0.01
"Himalaya Purifying Neem Face Wash",150,1.53,0.01
"Pantene Hair Fall Control Shampoo",340,2.21,0.01
"Nestle Cerelac 5 Grains & Fruits Cereal",300,2.88,0.01
"Everest Chicken Masala",100,0.72,0.01
"Himalaya Baby Lotion",200,1.45,0.01
"Hershey's Cocoa Spread",350,2.95,0.01
"Sugarfree Gold Low Calorie Sweetner",300,1.75,0.01
"Nestle Ceregrow Multigrain Cereal with Milk and Fruits - 3 to 6 years",300,2.92,0.01
"Satyam Nighties Spices  Chilli Pandi",100,0.52,0.01
"Scotch Brite Multi-Purpose Sponge Wipes",580,5.81,0.01
"Himalaya Baby Nourishing Massage Oil",200,1.60,0.01
"Yummiez Veg Cheese Fingers Pouch",400,2.30,0.01
"Pear Green Imported",116,0.69,0.01
"Scotch Brite Sponge Wipe",290,2.97,0.01
"Origami Good Karma Toilet Roll",232,2.34,0.01
"Nivea Women Deodorant Fresh Natural Long Lasting Freshness & 48h Protection",150,1.59,0.01
"Gowardhan Ghee/Tuppa Jar",500,3.09,0.01
"Ferrero Nutella Hazeulnut Spread",350,3.57,0.01
"Cantina Beans Mexican Beans",410,2.13,0.01
"Tresemme Keratin Smooth Conditioner",340,3.80,0.01
"Pantai Green Curry Paste",114,1.28,0.01
"Epicurea Thai Jasmine Rice",500,2.95,0.01
"Godrej Yummiez Chicken Punjabi Tikka ",360,2.66,0.01
"Popular Essentials Red Cherry/Gundu Chilli",100,0.95,0.01
"Praakritik Organic Garlic Powder",100,1.08,0.01
"Clean & Clear Foaming Face Wash",150,1.62,0.01
"Pantai Pad Thai Sauce (Non-Veg)",200,2.93,0.01
"Kellogg's No Added Sugar Muesli",500,2.98,0.01
"Clean & Clear Morning Energy Lemon Face Wash",100,1.31,0.01
"The Bake Shop Sesame Seed Crackers",100,1.16,0.01
"Pantai Sriracha Red Chilli Sauce",200,1.91,0.01
"Satyam Khobra",200,1.01,0.01
"Nivea Soft Light Moisturizer for Face Hand & Body Non-Sticky Cream with Vitamin E & Jojoba Oil",200,2.63,0.01
"New Kellogg's Muesli with 21% Fruit, Nut & Seeds",500,3.05,0.01
"Japanese Choice Udon Noodles",250,2.66,0.01
"Set Wet Swag Avatar Deodorant & Body Spray Perfume For Men",150,1.99,0.01
"Clean & Clear Morning Energy Aqua Splash Face Wash",100,1.31,0.01
"Maggi Magic Cubes Extra Chicken",240,1.79,0.01
"Gits Jalebi with Maker Dessert Mix",100,0.63,0.01
"Shubh kart - Nirmal Eco Box Chandan Agarbatti - 100g",100,0.56,0.01
"Airwick Room Air Freshener Spray Cool Water & Aloe Vera",245,1.52,0.01
"Epicurea Sushi Rice",500,2.95,0.01
"Listerine Original Mouthwash",250,1.35,0.01
"Zorabian Chicken Kheema Parathas",300,1.90,0.01
"Fine Life Cotton Balls",100,0.99,0.01
"Praakritik Orrganic Cold Pressed Sesame Oil",100,1.17,0.01
"Godrej Nupur Henna",150,0.75,0.01
"Dove Hair Fall Rescue Shampoo",180,1.41,0.01
"Dove Dryness Care Shampoo",340,2.52,0.01
"Gillette Lemon Lime Shaving Foam",196,1.77,0.01
"Popular Essentials Californian Almond",500,4.70,0.01
"Weikfield Drinking Chocolate Powder",100,0.58,0.01
"Eveready Ultima Alkaline Battery AAA",116,0.68,0.01
"Bajaj Almond Drops Hair Oil",100,0.60,0.01
"Cadbury Hot Chocolate",200,1.66,0.01
"Dettol Antiseptic Liquid + Disinfectant Spray - Original",225,1.43,0.01
"Bell Peppers Red & Yellow ",116,0.99,0.01
"Pillsbury Pancake Mix - Funfetti",162,0.88,0.01
"L'Oreal Paris Dream Lengths Conditioner",193,2.09,0.01
"Dabur Meswak Toothpaste",100,0.55,0.01
"24 Mantra Organic Cumin",100,0.65,0.01
"Nestle Everyday Dairy Whitener",400,2.10,0.01
"L'Oreal Paris Dream Lengths Conditioner",193,1.99,0.01
"Pillsbury Choco Chip Pancake Mix",165,0.94,0.01
"Colgate Max Fresh Peppermint Toothpaste ",300,1.54,0.01
"Oral-B Criss Cross Medium Toothbrush (Buy 2 Get 2 Free)",232,1.60,0.01
"Delight Nuts Dried Cranberries ",200,2.72,0.01
"24 Mantra Red Chilly Whole",100,0.65,0.01
"Engage Deo Frost",150,1.76,0.01
"Patanjali Kesh Kanti Anti Dandruff Hair Cleanser",200,1.10,0.01
"24 Mantra Organic Cumin Powder",100,0.70,0.01
"Pantene Advanced Hair Fall Solution Silky Smooth Care Shampoo",180,1.12,0.01
"Engage Man Rush Deodorant",150,1.76,0.01
"Veeba Mint Mayonnaise",300,1.55,0.01
"Maggi Coconut Milkpowder",100,1.00,0.01
"TGFC Bombay Duck Whole Cleaned",500,2.74,0.01
"Ferrero Nutella Hazelnut Spread",180,2.07,0.01
"Popular Essentials Black Pepper",100,0.90,0.01
"Kellogg's Muesli 20% Nuts Delight",500,3.20,0.01
"RRO Fresh Ricotta",200,1.37,0.01
"Pillsbury Rich Choco Oven Cake Mix - Egg Free",270,1.59,0.01
"Harpic Flushmatic In-Cistern Toilet Cleaner Blocks Marine",100,1.43,0.01
"Origami Cups Plain 100 units",100,1.32,0.01
"Vaseline Intensive Care Deep Moisture Body Lotion",400,3.25,0.01
"Smith & Jones Pasta Masala",108,0.54,0.01
"Veeba Peri Peri Sauce",300,1.61,0.01
"Betty Crocker Chocolate Fudge Cake Mix",475,2.95,0.01
"Everest Powder - Tea Masala",100,0.89,0.01
"Head & shoulders Anti Dandruff Shampoo Cool Menthol",180,1.70,0.01
"Himalaya Anti Hair Fall Shampoo",200,1.14,0.01
"Head & Shoulders 2 In 1 Anti Dandruff Shampoo Conditioner ",180,1.74,0.01
"Yogabar 100% Pure Peanut Butter Creamy & Yummy Unsweetened",400,2.06,0.01
"Soulfull Millet Muesli Fruit & Nut Almonds & Real Fruits",400,2.69,0.01
"Baidyanath Isabgol",100,0.85,0.01
"Bagrrys Muesli Crunchy Fruit & Nut With Cranberries",400,2.97,0.01
"Eastern Chicken Masala",100,0.65,0.01
"Kelloggs Chocos Fills Double Chocolat",175,0.88,0.01
"Apple Washington",232,1.49,0.01
"ITC Master Chef Crispy Chicken Fries ",280,1.62,0.01
"ScotchBrite Premium Kitchen Towels",174,1.23,0.01
"Praakritik Organic Natural Wild Forest Honey",200,1.50,0.01
"Axe Pulse Men's Deodorant",150,2.10,0.01
"Maggi Magic Cubes Extra Chicken",240,1.99,0.01
"Johnson's Baby Top To Toe Bath Body Wash",210,1.65,0.01
"Johnson's Baby Powder",200,1.43,0.01
"Godrej Aer Spray Fresh Lush Green",240,1.26,0.01
"Himalaya Anti Dandruff Shampoo",200,1.28,0.01
"Sugarfree Gold Low Calorie Sweetner",110,0.61,0.01
"RRO Cheddar Block Cheese",200,1.47,0.01
"MTR Idli/Dosa/Chilly Chutney Powder",200,1.15,0.01
"Organic India Apple Cider Vinegar",500,5.36,0.01
"Kellogg's Muesli Nuts Delight",750,3.83,0.01
"RRO Sour Cream",200,1.37,0.01
"Soulfull Vanilla Fills - Ragi Bites",250,1.60,0.01
"Pantene Silky Smooth Care Shampoo",340,2.10,0.01
"Colgate Total 12 Whole Mouth Protection Toothpaste",120,1.08,0.01
"Dabur Hajmola Maha Candy - Aam+Imli",130,1.23,0.01
"The Whole Truth Peanut Butter With Dates - Creamy No Sugar",325,1.94,0.01
"Gowardhan Ghee Jar",1000,5.79,0.01
"Palmolive Feel The Massage Shower Gel",250,1.99,0.01
"Pears Pure & Gentle Glycerin Bath Soap",125,0.75,0.01
"Himalaya Prickly Heat Baby Powder",100,0.81,0.01
"Cornitos Peanut - Premium Salted ",150,1.08,0.01
"Nivea Soft Moisturizing Cream",200,2.72,0.01
"Johnson's Baby Soap",150,1.05,0.01
"Eno Fruit Salt Lemon Flavour Energy Powder",100,1.17,0.01
"Parle Hide & Seek Choco Rolls",120,0.60,0.01
"D'lecta Cream Cheese",150,1.61,0.01
"Kellogg's Crunchy Fruit & Nut Breakfast Cereals Muesli",750,4.01,0.01
"Pantai Spring Roll Sauce",200,2.45,0.01
"Godrej Cinthol Lime Talc",100,0.55,0.01
"Happilo Premium International Queen Kalmi Dates",200,1.72,0.01
"Fiama Di Wills Men's Refreshing Pulse Shower Gel",250,2.14,0.01
"Popular Essentials Cashew Split",250,2.83,0.01
"Nivea Body Lotion Aloe Hydration For Normal Skin ",200,2.47,0.01
"Johnson's Baby Powder",400,2.35,0.01
"TRESemme Smooth And Shine Conditioner",190,2.20,0.01
"Engage Woman Blush Body Deo Spray",150,1.74,0.01
"Yoga Bar Breakfast Muesli - Almond Caramel (No Added Sugar)",400,3.09,0.01
"Pillsbury Cooker Cake Mix - Choco",159,0.89,0.01
"Pantai Sweet Chilli Sauce",200,2.34,0.01
"Moi Soi  Black Bean Sauce - Dip Spread Stir Fry & Marinade",175,1.40,0.01
"Fiama Scents Juniper & Geranium Body Wash",250,1.86,0.01
"Himalaya Gentle Baby Shampoo",200,1.46,0.01
"Tong Garden Wasabi Green Peas",150,1.67,0.01
"Odonil Air Fresher Buy 3 Get 1 Free",300,2.13,0.01
"Pantai Sriracha Green Chilli Sauce",200,1.91,0.01
"Gowardhan Cow Ghee Pouch",1000,5.21,0.01
"Aashirvaad Svasti Cow Ghee Tetra Pack",500,2.95,0.01
"Moi Soi Manchurian Sauce - For Stir Fry Marinade Spread & Dip",175,1.40,0.01
"D'lecta Cheddar Cheese",200,1.89,0.01
"Dabur Nature Care Isabgol - Double Action",100,1.33,0.01
"Nestle Lactogen Stage 2 Follow-up Formula Powder",400,3.40,0.01
"Betty Crocker French Vanilla Cake Mix",520,2.76,0.01
"Clinic Plus Strength & Shine Shampoo With Egg Protein ",175,1.05,0.01
"Johnson's Baby Lotion",100,1.00,0.01
"The Bake Shop Masala Cheese Crackers",100,0.89,0.01
"Go Cheese Processed Squares",200,1.18,0.01
"The Bake Shop Jeera Ajwain Bread Sticks",100,0.56,0.01
"Apple Royal Gala",232,1.59,0.01
"Durex Condoms Mutual Climax",174,1.20,0.01
"Pantene Advanced Hair Fall Solution Shampoo - Total Damage Care",340,2.64,0.01
"Chakaachak Super Sponge Wipes (Pack of 3)",174,1.40,0.01
"Weikfield Cooker Cake Mix - Chocolate",150,0.89,0.01
"Eveready Ultima Alkaline AA Cell Battery-6 Pc Pack",348,1.89,0.01
"Gala Iron Bull Scrub Pad",174,1.26,0.01
"Laughing Cow Cheese 8 Portion 120Gm Imported",120,1.10,0.01
"Head & Shoulders Anti-Dandruff Smooth & Silky Shampoo",180,1.50,0.01
"The Whole Truth - Nuts, Fruits & Seeds Muesli",350,2.60,0.01
"Godrej Real Good Chicken Boneless Cubes ",450,2.48,0.01
"Sebamed Cleansing Bar",100,0.89,0.01
"Nestlé CERELAC Baby Cereal with Milk",300,2.72,0.01
"Nivea Men Active Clean with Active Charcoal Shower Gel for Body Face & Hair",250,1.91,0.01
"Nivea Body Shea Smooth with Shea Butter for Dry Skin",400,3.40,0.01
"Amul Ghee (Tin)",1000,5.09,0.01
"Tong Garden Wasabi Coated Greenpeas Tin",180,1.78,0.01
"D'lecta Natural Feta Cheese Block",100,0.95,0.01
"Nestle Cerelac Baby Cereal with Milk 5 Grains & Vegetables from 18 to 24 Month",300,2.79,0.01
"Go Processed Cheese Block",200,1.19,0.01
"Pond's Light Moisturiser",250,2.78,0.01
"Amul Pizza Cheese Processed",200,1.04,0.01
"Amul Processed Cheese Cubes",200,1.01,0.01
"Colgate Max Fresh Cooling Crystals Toothpaste",150,0.95,0.01
"RRO Mascarpone Cheese",200,1.77,0.01
"Fiama Di Wills Shower Gel Patchouli & Macadamia",250,1.79,0.01
"Yummiez Chicken Breakfast Sausages",250,1.50,0.01
"Yoga Bar Peanut Butter Dark Chocolate Jar",400,2.49,0.01
"Sugarfree Gold Low Calorie Sweetner ",100,1.18,0.01
"ITC Master Chef Lebanese Falafel Kebab",230,1.24,0.01
"Colgate Sensitive Plus Enamel Toothpaste Tube",160,1.40,0.01
"Everest Shahi Biryani Masala",200,2.45,0.01
"Borges Farfalle Durum Wheat Pasta ",500,2.50,0.01
"Origami Kitchen Towels 2 In 1 Quilted 2ply",116,1.26,0.01
"Cornitos Cornitos Taco Shells - 6 Inches",180,1.28,0.01
"Everest Pav Bhaji Masala",100,0.70,0.01
"Engage Urge Deodorant For Men, Citrus And Woody, Skin Friendly",150,1.74,0.01
"Go Cheese Processed Angles Plain",160,0.95,0.01
"Moi Soi Sichuan Chilli Oil- For Stir Fry Marinade Spread & Dip",175,1.40,0.01
"Remia Salad Italian Dressing ",250,2.30,0.01
"Yummiez Chicken Garlic Fingers Pouch",400,2.50,0.01
"Johnson's Baby Shampoo",200,1.80,0.01
"Odonil Room Air Freshener Spray - Lavender Mist",137,1.32,0.01
"Savlon Surface Disinfectant Spray",170,1.48,0.01
"Guava Thai",116,0.59,0.01
"Fresh Mutton Curry Cut Cubes (Halal)",500,4.42,0.01
"Bombay Shaving Company Charcoal Face Wash",100,2.49,0.02
"Gillete Mach3 ",116,2.34,0.02
"Godrej Real Good Chicken Legs ",116,1.89,0.02
"Dove Pink Rosa Beauty Bathing Bar",100,2.21,0.02
"Engage M3 Perfume Spray for Men",120,1.80,0.02
"Delight Nuts Berries Mix ",200,3.19,0.02
"Engage M1 Perfume Spray for Men ",120,1.94,0.02
"Tong Garden Salted Cocktail Nuts",160,2.66,0.02
"Satyam Makhana",100,2.08,0.02
"Nivea Soft Light Moisturizer for Face Hand & Body Non-Sticky Cream with Vitamin E & Jojoba Oil ",100,1.57,0.02
"Garnier Color Naturals Crème Hair Color, Shade 5 Light Brown",100,1.80,0.02
"Garnier Skin Naturals, Micellar Cleansing Water",125,1.89,0.02
"Popular Essentials Anjeer",100,1.69,0.02
"Delight Nuts Pista Roasted & Salted",200,3.40,0.02
"Ching's Secret Noodles - Pad Thai Original",130,2.00,0.02
"Gillette Mach 3 Turbo Cartridges",232,5.78,0.02
"Glow & Lovely Advanced Multivitamin Face Cream",110,1.90,0.02
"Fogg Royal Fragrance Spray",150,2.30,0.02
"Nivea Soft Light Moisturizing Cream",100,1.57,0.02
"RRO Goat Milk Fetta Cheee",100,2.37,0.02
"Mamaearth Moisturizing Baby Bath Soap",150,2.49,0.02
"Old Spice Original After Shave Lotion",150,2.50,0.02
"Livon Anti-Frizz Serum",100,2.25,0.02
"Scalpe Pro Anti dandruff Shampoo 100ml",100,1.85,0.02
"Nestle Nestle Nan Pro Follow-Up Formula",400,6.50,0.02
"Johnson's Baby Cream",100,1.50,0.02
"Nivea Creme All Season Multi-Purpose Cream ",100,1.57,0.02
"Engage M2 Perfume Spray For Men",120,1.80,0.02
"Engage M4 Perfume Spray For Men",120,1.80,0.02
"24 Mantra Organic Black Pepper",100,1.57,0.02
"Ching's Secret Pad Thai Noodles - Extra Hot Thai Chilli",130,2.00,0.02
"Gillette Mach 3 Mens Razor Blades",232,4.60,0.02
"Mamaearth Vitamin C Face Toner",200,3.99,0.02
"Ching's Secret  Noodles - Pad Thai Lemongras",130,2.00,0.02
"Praakritik Natural Desi Gir Cow A2 Ghee",540,13.05,0.02
"Nivea Creme, All Season Multi-Purpose Cream",100,1.58,0.02
"Mamaearth Onion Hair Oil",150,3.59,0.02
"Nestle Nan Pro 4 Follow Up Formula Powder For Older Infants ",400,6.20,0.02
"Origami Plates Plain",100,2.25,0.02
"Fogg Paradise Fragrant Body Spray For Women ",150,2.50,0.02
"Old Spice After Shave Lotion Musk",100,2.00,0.02
"Gillette Mach 3 Start",116,2.49,0.02
"Himalaya Men Pimple Clear Neem Face Wash",100,1.63,0.02
"Fogg Master - Royal Intense",120,2.50,0.02
"Dove Cream Beauty Bathing Bar",125,2.12,0.02
"Ching's Secret  Pad Thai Noodles Green Curry",130,2.00,0.02
"Popular Essentials Popular Essential Pista Salted (With Shell)",100,1.71,0.02
"Pediasure Premium Chocolate Powdered Health Drink",400,6.10,0.02
"Delight Nuts Cashew Roasted & Salted",200,3.40,0.02
"Bombay Shaving Company Sensitive Cartridges",116,3.75,0.03
"Mamaearth Ubtan Face Scrub Turmeric & Walnut",100,3.14,0.03
"Delight Nuts Dried Blueberries ",150,4.32,0.03
"L'Oreal Paris Excellence Creme Hair Color, 3.16 Burgundy",159,5.50,0.03
"Popular Essentials Poppy Seeds (Gasagase)",100,2.60,0.03
"Sebamed Anti - Dandruff Shampoo",200,5.40,0.03
"Organic India Wheat Grass",100,3.16,0.03
"L'Oreal Paris Casting Creme Gloss Hair Color, Medium Brown 500",160,5.50,0.03
"Mangalam Camphor Tablet Jar",100,2.52,0.03
"L'Oreal Paris Casting Creme Gloss Hair Color (Dark Brown 400)",159,5.50,0.03
"L'Oreal Casting Creme Ebony Black Hair Color",159,5.50,0.03
"L'Oreal Paris Excellence Creme Hair Color, 3 Dark Brown/Natural Darkest Brown",172,6.20,0.04
"Indulekha Bhringa Hair Oil",100,3.67,0.04
"L'Oreal Paris Excellence Creme Hair Color, 4.25 Aishwarya's Brown",172,6.20,0.04
"L'Oreal Paris Excellence Creme Hair Color, 1 Black",172,6.20,0.04
"L'Oreal Paris Excellence Creme Hair Color, 4 Natural Brown/Natural Dark Brown",172,6.20,0.04
